"BRANCH_CITY","BRANCH_CODE","BRANCH_NAME","BRANCH_PHONE","BRANCH_STATE","BRANCH_STREET","BRANCH_ZIP","LAST_UPDATED"
"Lakeville",1,"Example Bank","(123)456-5276","MN","Bridle Court","55044","2018-04-18 16:51:47"
"Huntley",2,"Example Bank","(123)461-8993","IL","Washington Street","60142","2018-04-18 16:51:47"
"SouthRichmondHill",3,"Example Bank","(123)498-5926","NY","Warren Street","11419","2018-04-18 16:51:47"
"Middleburg",4,"Example Bank","(123)466-3064","FL","Cleveland Street","32068","2018-04-18 16:51:47"
"KingOfPrussia",5,"Example Bank","(123)484-9701","PA","14th Street","19406","2018-04-18 16:51:47"
"Paterson",7,"Example Bank","(123)414-4890","NJ","Jefferson Street","07501","2018-04-18 16:51:47"
"Pittsford",8,"Example Bank","(123)467-8272","NY","B Street","14534","2018-04-18 16:51:47"
"Wethersfield",9,"Example Bank","(123)467-5219","CT","Jefferson Court","06109","2018-04-18 16:51:47"
"NorthOlmsted",10,"Example Bank","(123)414-5047","OH","Cambridge Road","44070","2018-04-18 16:51:47"
"Hillsborough",11,"Example Bank","(123)436-6354","NJ","3rd Street West","08844","2018-04-18 16:51:47"
"MadisonHeights",12,"Example Bank","(123)486-7175","MI","Mill Road","48071","2018-04-18 16:51:47"
"Oviedo",14,"Example Bank","(123)493-8460","FL","Washington Street","32765","2018-04-18 16:51:47"
"Mechanicsburg",15,"Example Bank","(123)446-2043","PA","Chestnut Street","17050","2018-04-18 16:51:47"
"Plainview",16,"Example Bank","(123)485-7525","NY","Monroe Drive","11803","2018-04-18 16:51:47"
"Paducah",17,"Example Bank","(123)454-6360","KY","Railroad Street","42001","2018-04-18 16:51:47"
"Harleysville",18,"Example Bank","(123)482-4455","PA","Church Street South","19438","2018-04-18 16:51:47"
"SilverSpring",19,"Example Bank","(123)448-4380","MD","King Street","20901","2018-04-18 16:51:47"
"Burnsville",20,"Example Bank","(123)484-0138","MN","Canterbury Drive","55337","2018-04-18 16:51:47"
"Tacoma",21,"Example Bank","(123)436-2433","WA","2nd Avenue","98444","2018-04-18 16:51:47"
"Carlisle",22,"Example Bank","(123)492-2492","PA","Front Street South","17013","2018-04-18 16:51:47"
"Duarte",23,"Example Bank","(123)446-0645","CA","Highland Avenue","91010","2018-04-18 16:51:47"
"Redford",24,"Example Bank","(123)461-7414","MI","Grove Street","48239","2018-04-18 16:51:47"
"NewBaltimore",25,"Example Bank","(123)452-5844","MI","Park Avenue","48047","2018-04-18 16:51:47"
"LakeJackson",26,"Example Bank","(123)435-6462","TX","Chestnut Avenue","77566","2018-04-18 16:51:47"
"WinstonSalem",27,"Example Bank","(123)483-6200","NC","Pin Oak Drive","27103","2018-04-18 16:51:47"
"Midlothian",28,"Example Bank","(123)441-6595","VA","3rd Street West","23112","2018-04-18 16:51:47"
"Glendora",29,"Example Bank","(123)478-5605","CA","School Street","91740","2018-04-18 16:51:47"
"SouthLyon",30,"Example Bank","(123)491-5717","MI","Shady Lane","48178","2018-04-18 16:51:47"
"Carrollton",31,"Example Bank","(123)414-8639","GA","Queen Street","30117","2018-04-18 16:51:47"
"Helena",32,"Example Bank","(123)430-2170","MT","Aspen Court","59601","2018-04-18 16:51:47"
"Loganville",35,"Example Bank","(123)431-6769","GA","Durham Road","30052","2018-04-18 16:51:47"
"ElDorado",36,"Example Bank","(123)468-5988","AR","Spruce Avenue","71730","2018-04-18 16:51:47"
"CapeCoral",37,"Example Bank","(123)477-1676","FL","Lawrence Street","33904","2018-04-18 16:51:47"
"Starkville",38,"Example Bank","(123)481-0167","MS","7th Street","39759","2018-04-18 16:51:47"
"Grandville",39,"Example Bank","(123)420-9297","MI","Devonshire Drive","49418","2018-04-18 16:51:47"
"Jonesboro",40,"Example Bank","(123)429-5270","GA","Franklin Avenue","30236","2018-04-18 16:51:47"
"Youngstown",42,"Example Bank","(123)423-7878","OH","Elmwood Avenue","44512","2018-04-18 16:51:47"
"Houston",43,"Example Bank","(123)475-5992","TX","Ashley Court","77016","2018-04-18 16:51:47"
"Greenville",44,"Example Bank","(123)473-6019","NC","12th Street East","27834","2018-04-18 16:51:47"
"Wilmette",45,"Example Bank","(123)445-3475","IL","Bayberry Drive","60091","2018-04-18 16:51:47"
"Levittown",46,"Example Bank","(123)494-7541","NY","Jones Street","11756","2018-04-18 16:51:47"
"NewBerlin",47,"Example Bank","(123)487-3625","WI","Route 10","53151","2018-04-18 16:51:47"
"Bartlett",48,"Example Bank","(123)410-5725","IL","Cedar Avenue","60103","2018-04-18 16:51:47"
"Chambersburg",49,"Example Bank","(123)415-6589","PA","11th Street","17201","2018-04-18 16:51:47"
"Granger",50,"Example Bank","(123)411-5442","IN","Fairway Drive","46530","2018-04-18 16:51:47"
"Lombard",51,"Example Bank","(123)413-2382","IL","Route 20","60148","2018-04-18 16:51:47"
"ElPaso",52,"Example Bank","(123)424-5465","TX","Fulton Street","79930","2018-04-18 16:51:47"
"Dundalk",53,"Example Bank","(123)432-3802","MD","Manor Drive","21222","2018-04-18 16:51:47"
"RedondoBeach",54,"Example Bank","(123)445-2537","CA","Oak Lane","90278","2018-04-18 16:51:47"
"Rowlett",56,"Example Bank","(123)485-2596","TX","State Street East","75088","2018-04-18 16:51:47"
"Hartsville",57,"Example Bank","(123)477-3812","SC","New Street","29550","2018-04-18 16:51:47"
"Rossville",58,"Example Bank","(123)433-5491","GA","Hickory Street","30741","2018-04-18 16:51:47"
"Waxhaw",59,"Example Bank","(123)484-1134","NC","Country Lane","28173","2018-04-18 16:51:47"
"Richmond",60,"Example Bank","(123)452-4034","VA","Front Street","23223","2018-04-18 16:51:47"
"Oxford",63,"Example Bank","(123)437-2027","MS","York Street","38655","2018-04-18 16:51:47"
"Syosset",66,"Example Bank","(123)465-6568","NY","Winding Way","11791","2018-04-18 16:51:47"
"Baltimore",67,"Example Bank","(123)443-2768","MD","Jackson Avenue","21206","2018-04-18 16:51:47"
"Fenton",69,"Example Bank","(123)467-0647","MI","Amherst Street","48430","2018-04-18 16:51:47"
"Medford",70,"Example Bank","(123)498-2393","MA","Briarwood Court","02155","2018-04-18 16:51:47"
"Stow",72,"Example Bank","(123)444-5988","OH","Essex Court","44224","2018-04-18 16:51:47"
"Oconomowoc",73,"Example Bank","(123)484-5883","WI","Maple Lane","53066","2018-04-18 16:51:47"
"Dearborn",74,"Example Bank","(123)427-3715","MI","Evergreen Drive","48124","2018-04-18 16:51:47"
"Rockaway",75,"Example Bank","(123)420-4383","NJ","9th Street","07866","2018-04-18 16:51:47"
"WinterSprings",76,"Example Bank","(123)451-3234","FL","8th Avenue","32708","2018-04-18 16:51:47"
"UpperMarlboro",77,"Example Bank","(123)448-9272","MD","Grant Avenue","20772","2018-04-18 16:51:47"
"Mundelein",78,"Example Bank","(123)416-4452","IL","Heather Court","60060","2018-04-18 16:51:47"
"Bettendorf",79,"Example Bank","(123)439-4450","IA","George Street","52722","2018-04-18 16:51:47"
"Enterprise",80,"Example Bank","(123)422-8258","AL","Court Street","36330","2018-04-18 16:51:47"
"Simpsonville",81,"Example Bank","(123)458-3583","SC","Summer Street","29680","2018-04-18 16:51:47"
"Brookfield",83,"Example Bank","(123)424-2554","WI","Creekside Drive","53045","2018-04-18 16:51:47"
"LaCrosse",85,"Example Bank","(123)478-5116","WI","Brown Street","54601","2018-04-18 16:51:47"
"BuffaloGrove",89,"Example Bank","(123)475-0836","IL","Chapel Street","60089","2018-04-18 16:51:47"
"Chillicothe",90,"Example Bank","(123)489-0424","OH","Tanglewood Drive","45601","2018-04-18 16:51:47"
"Davenport",91,"Example Bank","(123)475-9319","IA","Lafayette Avenue","52804","2018-04-18 16:51:47"
"Poughkeepsie",93,"Example Bank","(123)488-5339","NY","Harrison Street","12601","2018-04-18 16:51:47"
"Apopka",95,"Example Bank","(123)466-7289","FL","Madison Street","32703","2018-04-18 16:51:47"
"Seymour",99,"Example Bank","(123)416-4581","IN","Bridge Street","47274","2018-04-18 16:51:47"
"Wellington",100,"Example Bank","(123)480-9695","FL","New Street","33414","2018-04-18 16:51:47"
"SiouxCity",103,"Example Bank","(123)448-3865","IA","Grant Street","51106","2018-04-18 16:51:47"
"Owosso",104,"Example Bank","(123)490-9907","MI","Cambridge Court","48867","2018-04-18 16:51:47"
"LongBranch",105,"Example Bank","(123)472-3165","NJ","Virginia Avenue","07740","2018-04-18 16:51:47"
"Defiance",107,"Example Bank","(123)446-4046","OH","Delaware Avenue","43512","2018-04-18 16:51:47"
"Ames",109,"Example Bank","(123)447-4482","IA","Edgewood Drive","50010","2018-04-18 16:51:47"
"Kernersville",111,"Example Bank","(123)436-9108","NC","River Street","27284","2018-04-18 16:51:47"
"PalmCity",114,"Example Bank","(123)417-2062","FL","Madison Street","34990","2018-04-18 16:51:47"
"MurrellsInlet",115,"Example Bank","(123)490-8194","SC","Jefferson Street","29576","2018-04-18 16:51:47"
"Canonsburg",117,"Example Bank","(123)419-7777","PA","Route 64","15317","2018-04-18 16:51:47"
"Hanover",118,"Example Bank","(123)449-8005","PA","Henry Street","17331","2018-04-18 16:51:47"
"Ashland",119,"Example Bank","(123)412-1204","OH","Fulton Street","44805","2018-04-18 16:51:47"
"Oxnard",121,"Example Bank","(123)436-8280","CA","Warren Street","93035","2018-04-18 16:51:47"
"DeerfieldBeach",123,"Example Bank","(123)436-5113","FL","Willow Avenue","33442","2018-04-18 16:51:47"
"Osseo",124,"Example Bank","(123)413-4552","MN","Bay Street","55311","2018-04-18 16:51:47"
"AllisonPark",125,"Example Bank","(123)469-9441","PA","Cambridge Court","15101","2018-04-18 16:51:47"
"Bethesda",126,"Example Bank","(123)472-3287","MD","Route 10","20814","2018-04-18 16:51:47"
"Valrico",131,"Example Bank","(123)488-0523","FL","Orchard Lane","33594","2018-04-18 16:51:47"
"Nanuet",135,"Example Bank","(123)483-1678","NY","Canterbury Road","10954","2018-04-18 16:51:47"
"Independence",136,"Example Bank","(123)460-1062","KY","Route 11","41051","2018-04-18 16:51:47"
"SanLorenzo",139,"Example Bank","(123)454-7241","CA","Jefferson Street","94580","2018-04-18 16:51:47"
"NewPhiladelphia",144,"Example Bank","(123)463-6138","OH","Chestnut Avenue","44663","2018-04-18 16:51:47"
"Clermont",145,"Example Bank","(123)429-2781","FL","6th Street West","34711","2018-04-18 16:51:47"
"Gettysburg",149,"Example Bank","(123)450-7741","PA","Route 27","17325","2018-04-18 16:51:47"
"WestChester",156,"Example Bank","(123)454-8652","PA","Adams Street","19380","2018-04-18 16:51:47"
"Natchez",158,"Example Bank","(123)429-3585","MS","Chestnut Avenue","39120","2018-04-18 16:51:47"
"GardenCity",160,"Example Bank","(123)469-6702","NY","Beechwood Drive","11530","2018-04-18 16:51:47"
"Yakima",164,"Example Bank","(123)454-0280","WA","Route 30","98908","2018-04-18 16:51:47"
"Conyers",166,"Example Bank","(123)493-5053","GA","Route 41","30012","2018-04-18 16:51:47"
"YubaCity",168,"Example Bank","(123)431-7447","CA","Williams Street","95993","2018-04-18 16:51:47"
"Irvington",170,"Example Bank","(123)441-9610","NJ","Broadway","07111","2018-04-18 16:51:47"
"Victoria",173,"Example Bank","(123)433-7068","TX","Victoria Court","77904","2018-04-18 16:51:47"
"FloralPark",175,"Example Bank","(123)484-2967","NY","Garfield Avenue","11001","2018-04-18 16:51:47"
"Baldwin",178,"Example Bank","(123)461-2707","NY","8th Street West","11510","2018-04-18 16:51:47"
"NewHaven",180,"Example Bank","(123)434-7181","CT","Meadow Street","06511","2018-04-18 16:51:47"
"Quincy",188,"Example Bank","(123)425-9065","MA","Lincoln Avenue","02169","2018-04-18 16:51:47"
"Lititz",192,"Example Bank","(123)493-7904","PA","Glenwood Drive","17543","2018-04-18 16:51:47"
"Acworth",197,"Example Bank","(123)491-4637","GA","Briarwood Drive","30101","2018-04-18 16:51:47"
